name,link
Stylecraft Special DK,https://www.wollplatz.de/wolle/stylecraft/stylecraft-special-dk
Yarn and Colors Must-have,https://www.wollplatz.de/wolle/yarn-and-colors/yarn-and-colors-must-have
Scheepjes Terrazzo 50g,https://www.wollplatz.de/artikel/52769/scheepjes-terrazzo-50g.html
Catania Amigurumi Box Dragon Family de/en,https://www.wollplatz.de/artikel/52695/catania-amigurumi-box-dragon-family-de-en.html
SMC Catania Musterkarte,https://www.wollplatz.de/artikel/52673/smc-catania-musterkarte.html
Scheepjes Musterkarte Colour Crafter,https://www.wollplatz.de/artikel/52672/scheepjes-musterkarte-colour-crafter.html
Scheepjes Musterkarte Catona,https://www.wollplatz.de/artikel/52671/scheepjes-musterkarte-catona.html
Scheepjes Scrumptious,https://www.wollplatz.de/artikel/52452/scheepjes-scrumptious.html
Scheepjes Metropolis,https://www.wollplatz.de/artikel/52145/scheepjes-metropolis.html
Scheepjes Organicon,https://www.wollplatz.de/wolle/scheepjes/scheepjes-organicon
Scheepjes Colour Crafter,https://www.wollplatz.de/wolle/scheepjes/scheepjes-colour-crafter
Scheepjes Stone Washed XL,https://www.wollplatz.de/wolle/scheepjes/scheepjes-stone-washed-xl
Scheepjes Wanderlust,https://www.wollplatz.de/wolle/scheepjes/scheepjes-wanderlust
Scheepjes Stone Washed,https://www.wollplatz.de/wolle/scheepjes/scheepjes-stone-washed
Scheepjes Catona 25 Gramm,https://www.wollplatz.de/wolle/scheepjes/scheepjes-catona-25-gramm
Scheepjes Softy,https://www.wollplatz.de/wolle/scheepjes/scheepjes-softy
Scheepjes Softfun,https://www.wollplatz.de/wolle/scheepjes/scheepjes-softfun
Scheepjes Chunky Monkey,https://www.wollplatz.de/wolle/scheepjes/scheepjes-chunky-monkey
Scheepjes Whirlette,https://www.wollplatz.de/wolle/scheepjes/scheepjes-whirlette
Scheepjes Catona 50 Gramm,https://www.wollplatz.de/wolle/scheepjes/scheepjes-catona-50-gramm
Scheepjes Whirl Ombre,https://www.wollplatz.de/wolle/scheepjes/scheepjes-whirl-ombre
Scheepjes River Washed,https://www.wollplatz.de/wolle/scheepjes/scheepjes-river-washed
Scheepjes Whirl,https://www.wollplatz.de/wolle/scheepjes/scheepjes-whirl
Lana Grossa Meilenweit 100 Cotone Vegano,https://www.wollplatz.de/wolle/lana-grossa/lana-grossa-meilenweit-100-cotone-vegano
Lang Yarns Tropical,https://www.wollplatz.de/artikel/49654/lang-yarns-tropical.html
Lang Yarns Paradise,https://www.wollplatz.de/artikel/49646/lang-yarns-paradise.html
Lang Yarns Quattro Lamé,https://www.wollplatz.de/artikel/49637/lang-yarns-quattro-lame.html
Lana Grossa Diversa,https://www.wollplatz.de/wolle/lana-grossa/lana-grossa-diversa
Lana Grossa Landlust Baumwolle Gots,https://www.wollplatz.de/artikel/49399/lana-grossa-landlust-baumwolle-gots.html
Stylecraft Savannah,https://www.wollplatz.de/wolle/stylecraft/stylecraft-savannah
Stylecraft New Wondersoft DK,https://www.wollplatz.de/wolle/stylecraft/stylecraft-new-wondersoft-dk
Stylecraft Sweet Dreams,https://www.wollplatz.de/wolle/stylecraft/stylecraft-sweet-dreams
Stylecraft Love You,https://www.wollplatz.de/artikel/49293/stylecraft-love-you.html
Lana Grossa Puno Luce,https://www.wollplatz.de/wolle/lana-grossa/lana-grossa-puno-luce
Lana Grossa The Tube,https://www.wollplatz.de/wolle/lana-grossa/lana-grossa-the-tube
Stylecraft Special for Babies DK,https://www.wollplatz.de/artikel/49025/stylecraft-special-for-babies-dk.html
Lana Grossa Dodici,https://www.wollplatz.de/wolle/lana-grossa/lana-grossa-dodici
Lana Grossa Bella,https://www.wollplatz.de/wolle/lana-grossa/lana-grossa-bella
Lana Grossa Gomitolo Meilenweit,https://www.wollplatz.de/wolle/lana-grossa/lana-grossa-gomitolo-meilenweit
Lana Grossa Gomitolo Lino,https://www.wollplatz.de/wolle/lana-grossa/lana-grossa-gomitolo-lino
Lana Grossa Gomitolo Collina,https://www.wollplatz.de/wolle/lana-grossa/lana-grossa-gomitolo-collina
Lana Grossa Nastrino,https://www.wollplatz.de/wolle/lana-grossa/lana-grossa-nastrino
Lana Grossa Cotton Wool,https://www.wollplatz.de/wolle/lana-grossa/lana-grossa-cotton-wool
Katia Fair Cotton Granny,https://www.wollplatz.de/wolle/katia/katia-fair-cotton-granny
Katia Alabama Flash,https://www.wollplatz.de/artikel/48800/katia-alabama-flash.html
Katia Instagranny,https://www.wollplatz.de/artikel/48701/katia-instagranny.html
Durable Braided,https://www.wollplatz.de/wolle/durable/durable-braided
Stylecraft Recreate Chunky,https://www.wollplatz.de/artikel/48471/stylecraft-recreate-chunky.html
Stylecraft Merry Go Round XL,https://www.wollplatz.de/artikel/48458/stylecraft-merry-go-round-xl.html
Stylecraft Head Over Heels - Show Your Pride,https://www.wollplatz.de/artikel/48426/stylecraft-head-over-heels-show-your-pride.html
Stylecraft Head Over Heels - A Walk in Nature,https://www.wollplatz.de/artikel/48418/stylecraft-head-over-heels-a-walk-in-nature.html
Stylecraft Fusion,https://www.wollplatz.de/artikel/48411/stylecraft-fusion.html
Stylecraft Grace,https://www.wollplatz.de/artikel/48399/stylecraft-grace.html
Stylecraft Colour Twist,https://www.wollplatz.de/artikel/48392/stylecraft-colour-twist.html
Lang Yarns Suri Alpaca,https://www.wollplatz.de/artikel/48289/lang-yarns-suri-alpaca.html
Durable Mohair,https://www.wollplatz.de/wolle/durable/durable-mohair
Katia Big Merino,https://www.wollplatz.de/wolle/katia/katia-big-merino
Lang Yarns Bold,https://www.wollplatz.de/wolle/lang-yarns/lang-yarns-bold
Lang Yarns Zen,https://www.wollplatz.de/artikel/47890/lang-yarns-zen.html
Lang Yarns Enya,https://www.wollplatz.de/artikel/47889/lang-yarns-enya.html
Rico Essentials Super Aran,https://www.wollplatz.de/artikel/47576/rico-essentials-super-aran.html
"Rico Superba Easy 8, 8 ply",https://www.wollplatz.de/artikel/47555/rico-superba-easy-8-8-ply.html
Rico Essentials Fine Fine Merino,https://www.wollplatz.de/wolle/rico/rico-essentials-fine-fine-merino
Rico Essentials Baby Alpaca Loves Silk,https://www.wollplatz.de/artikel/47490/rico-essentials-baby-alpaca-loves-silk.html
Durable Formidable,https://www.wollplatz.de/wolle/durable/durable-formidable
Lana Grossa Nordic Merino Wool,https://www.wollplatz.de/artikel/47446/lana-grossa-nordic-merino-wool.html
Trimits Makramee Cord Baumwolle,https://www.wollplatz.de/artikel/47273/trimits-makramee-cord-baumwolle.html
Durable Comfy,https://www.wollplatz.de/wolle/durable/durable-comfy
Trimits Makramee Cord Natural,https://www.wollplatz.de/artikel/47194/trimits-makramee-cord-natural.html
Trimits Craft Cotton,https://www.wollplatz.de/artikel/47191/trimits-craft-cotton.html
Katia Bulky Tweed,https://www.wollplatz.de/wolle/katia/katia-bulky-tweed
Katia Cotton-Merino Tweed,https://www.wollplatz.de/wolle/katia/katia-cotton-merino-tweed
Katia Piumino,https://www.wollplatz.de/wolle/katia/katia-piumino
Katia Smoothie Alpaca,https://www.wollplatz.de/artikel/46942/katia-smoothie-alpaca.html
Katia Mohair Cotton,https://www.wollplatz.de/wolle/katia/katia-mohair-cotton
Katia Cotton In Love,https://www.wollplatz.de/wolle/katia-cotton-in-love
Lana Grossa Cool Merino Big,https://www.wollplatz.de/wolle/lana-grossa/lana-grossa-cool-merino-big
Gütermann Nähgarnset Denim Box,https://www.wollplatz.de/artikel/46357/guetermann-naehgarnset-denim-box.html
Gütermann Nähgarnset Creative Cotton Box,https://www.wollplatz.de/pakete/weiterepakete/guetermann-naehgarnset-creative-cotton-box
Gütermann Nähgarnset Cotton Box,https://www.wollplatz.de/pakete/weiterepakete/guetermann-naehgarnset-cotton-box
Lana Grossa Cocco,https://www.wollplatz.de/wolle/lana-grossa/lana-grossa-cocco
Lana Grossa Ecopuno Chunky,https://www.wollplatz.de/wolle/lana-grossa/lana-grossa-ecopuno-chunky
Lana Grossa Pappagallo,https://www.wollplatz.de/artikel/46207/lana-grossa-pappagallo.html
Lana Grossa Setasuri Big,https://www.wollplatz.de/wolle/lana-grossa/lana-grossa-setasuri-big
Lana Grossa LaLa Berlin Hazy,https://www.wollplatz.de/wolle/lana-grossa/lana-grossa-lala-berlin-hazy
Lana Grossa Natural Alpaca Pelo,https://www.wollplatz.de/wolle/lana-grossa/lana-grossa-natural-alpaca-pelo
Lana Grossa Natural Alpaca,https://www.wollplatz.de/wolle/lana-grossa/lana-grossa-natural-alpaca-classico
DMC Farbkarte Mouliné,https://www.wollplatz.de/wolle/dmc/dmc-farbkarte-mouline
Lana Grossa Cool Wool Mélange,https://www.wollplatz.de/artikel/45494/lana-grossa-cool-wool-melange.html
Lana Grossa Meilenweit 6-Fach 150 Denim Mix Black,https://www.wollplatz.de/artikel/45470/lana-grossa-meilenweit-6-fach-150-denim-mix-black.html
Lana Grossa Meilenweit 6-Fach 150 Denim Mix Blue,https://www.wollplatz.de/artikel/45466/lana-grossa-meilenweit-6-fach-150-denim-mix-blue.html
Lana Grossa Meilenweit 6-Fach 150 Puzzle,https://www.wollplatz.de/artikel/45459/lana-grossa-meilenweit-6-fach-150-puzzle.html
Lana Grossa Meilenweit 100 Denim Mix Black,https://www.wollplatz.de/artikel/45425/lana-grossa-meilenweit-100-denim-mix-black.html
Lana Grossa Meilenweit 100 Denim Mix Blue,https://www.wollplatz.de/artikel/45416/lana-grossa-meilenweit-100-denim-mix-blue.html
Lana Grossa Meilenweit 100 Tweed,https://www.wollplatz.de/wolle/lana-grossa/lana-grossa-meilenweit-100-tweed
Lang Yarns Twin Silk,https://www.wollplatz.de/wolle/lang-yarns/lang-yarns-twin-silk
Lang Yarns Atlantis,https://www.wollplatz.de/wolle/lang-yarns/lang-yarns-atlantis
Lana Grossa Meilenweit 100,https://www.wollplatz.de/wolle/lana-grossa/lana-grossa-meilenweit-100
Lana Grossa Meilenweit 100 Piccolo,https://www.wollplatz.de/artikel/45304/lana-grossa-meilenweit-100-piccolo.html
Lana Grossa Country Tweed,https://www.wollplatz.de/artikel/45251/lana-grossa-country-tweed.html
Gütermann Nähgarnset mit Saummaß und Nahtauftrenner - 11 Spulen,https://www.wollplatz.de/wolle/gutermann/guetermann-naehgarnset-mit-saummass-und-nahtauftrenner-11-spulen
Gütermann Nähgarnset mit Stecknadeln und Maschinennadeln,https://www.wollplatz.de/pakete/garnpakete/guetermann-naehgarnset-mit-stecknadeln-und-maschinennadeln
Gütermann Nähgarnset Allesnäher Bunt - 10 Spulen,https://www.wollplatz.de/wolle/gutermann/guetermann-naehgarnset-allesnaeher-bunt-10-spulen
Gütermann Nähgarnset Allesnäher Pastell - 10 Spulen,https://www.wollplatz.de/wolle/gutermann/guetermann-naehgarnset-allesnaeher-pastell-10-spulen
Rico Fashion Cotton Neps DK,https://www.wollplatz.de/wolle/rico/rico-fashion-cotton-neps-dk
Lana Grossa Gomitolo Selezione 3,https://www.wollplatz.de/wolle/lana-grossa/lana-grossa-gomitolo-selezione-3
Rico Superba Hottest Socks Ever! 4 ply,https://www.wollplatz.de/wolle/rico/rico-superba-hottest-socks-ever-4-ply
Rico Creative Cotton Flecky Fleece DK,https://www.wollplatz.de/wolle/rico/rico-creative-cotton-flecky-fleece-dk
Rico Creative Cotton Stripes DK,https://www.wollplatz.de/wolle/rico/rico-creative-cotton-stripes-dk
Rico Sticktwist Metallic Stickgarn No. 4 40m,https://www.wollplatz.de/artikel/43438/rico-sticktwist-metallic-stickgarn-no-4-40m.html
Rico Sticktwist Metallic Stickgarn No. 40 200m,https://www.wollplatz.de/artikel/43425/rico-sticktwist-metallic-stickgarn-no-40-200m.html
Rico Sticktwist Metallic Stickgarn No. 20 50m,https://www.wollplatz.de/wolle/rico/rico-sticktwist-metallic-stickgarn-no-20-50m
Rico Sticktwist Metallic Stickgarn No. 10 40m,https://www.wollplatz.de/wolle/rico/rico-sticktwist-metallic-stickgarn-no-10-40m
Lana Grossa Gomitolo Selezione 1,https://www.wollplatz.de/wolle/lana-grossa/lana-grossa-gomitolo-selezione-1
Lana Grossa Bacca,https://www.wollplatz.de/wolle/lana-grossa/langa-grossa-bacca
Rico Essentials Organic Cotton Aran,https://www.wollplatz.de/wolle/rico/rico-essentials-organic-cotton-aran
Rico Essentials Organic Cotton dk,https://www.wollplatz.de/wolle/rico/rico-essentials-organic-cotton-dk
Durable Soqs Tweed,https://www.wollplatz.de/wolle/durable/durable-soqs-tweed
Lang Yarns Wooladdicts Joy,https://www.wollplatz.de/woll/lang-yarns/lang-yarns-wooladdicts-joy
Lang Yarns Lotus,https://www.wollplatz.de/wolle/lang-yarns/lang-yarns-lotus
Lang Yarns Carly,https://www.wollplatz.de/wolle/lang-yarns/lang-yarns-carly
Lang Yarns Aura,https://www.wollplatz.de/wolle/lang-yarns/lang-yarns-aura
Lang Yarns Regina,https://www.wollplatz.de/wolle/lang-yarns/lang-yarns-regina
Lang Yarns Crealino,https://www.wollplatz.de/wolle/lang-yarns/lang-yarns-crealino
Lang Yarns Linello,https://www.wollplatz.de/wolle/lang-yarns/lang-yarns/linello
Pink Label Create-it,https://www.wollplatz.de/wolle/pink-label/pink-label-create-it
Pink Label Felt-it,https://www.wollplatz.de/wolle/pink-label/pink-label-felt-it
Katia Missouri,https://www.wollplatz.de/wolle/katia/katia-missouri
Katia Sonajero,https://www.wollplatz.de/wolle/katia/katia-sonajero
Katia New Cancun,https://www.wollplatz.de/wolle/katia/katia-new-cancun
Katia Alabama,https://www.wollplatz.de/wolle/katia/katia-alabama
Katia Easy Knit Cotton,https://www.wollplatz.de/wolle/katia/katia-easy-knit-cotton
Katia Macramé Cord,https://www.wollplatz.de/wolle/katia/katia-macrame-cord
Katia Macramé Cord Fine,https://www.wollplatz.de/wolle/katia/katia-macrame-cord-fine
Katia United Cotton,https://www.wollplatz.de/wolle/katia/katia-united-cotton
Katia Baby Ultrasoft,https://www.wollplatz.de/wolle/katia/katia-baby-ultrasoft
Katia Linen,https://www.wollplatz.de/wolle/katia/katia-linen
Katia Panama,https://www.wollplatz.de/wolle/katia/katia-panama
Katia Ekos,https://www.wollplatz.de/wolle/katia/katia-ekos
Katia Genesis,https://www.wollplatz.de/wolle/katia/katia-genesis
Phildar Phil Perle 5,https://www.wollplatz.de/artikel/41461/phildar-phil-perle-5.html
Katia Seacell Cotton,https://www.wollplatz.de/wolle/katia/katia-seacell-cotton
Katia Bereber,https://www.wollplatz.de/wolle/katia/katia-bereber
Phildar Phil Eucalyptus,https://www.wollplatz.de/wolle/phildar/phildar-phil-eucalyptus
Katia Linum,https://www.wollplatz.de/wolle/katia/katia-linum
Phildar Phil Bonbon,https://www.wollplatz.de/wolle/phildar/phildar-phil-bonbon
Lana Grossa Cotone,https://www.wollplatz.de/wolle/lana-grossa/lana-grossa-cotone
Lana Grossa Jolie,https://www.wollplatz.de/wolle/lana-grossa/lana-grossa-jolie
Lana Grossa Cara,https://www.wollplatz.de/wolle/lana-grossa-cara
Lana Grossa Ecopuno Dégradé,https://www.wollplatz.de/wolle/lana-grossa/lana-grossa-ecopuno-degrade
Lana Grossa Alta Moda Cotolana,https://www.wollplatz.de/wolle/lana-grossa-alta-moda-cotolana
Lana Grossa Più Bella,https://www.wollplatz.de/wolle/lana-grossa/lana-grossa-piu-bella
Lana Grossa Solo Lino Print,https://www.wollplatz.de/wolle/lana-grossa/lana-grossa-solo-lino-print
Lana Grossa Mare,https://www.wollplatz.de/wolle/lana-grossa/lana-grossa-mare
Lana Grossa Terra,https://www.wollplatz.de/wolle/lana-grossa/lana-grossa-terra
Durable Macramé Neue Farben Garnpaket,https://www.wollplatz.de/pakete/durable-macrame-neue-farben-garnpaket
Durable Double Four Neue Farben Garnpaket,https://www.wollplatz.de/pakete/durable-double-four-neue-farben-garnpaket
Durable Cosy Extra Fine Neue Farben Garnpaket,https://www.wollplatz.de/pakete/durable-cosy-extra-fine-neue-farben-garnpaket
Durable Cosy Fine Neue Farben Garnpaket,https://www.wollplatz.de/pakete/durable-cosy-fine-neue-farben-garnpaket
Durable Cosy Neue Farben Garnpaket,https://www.wollplatz.de/pakete/durable-cosy-neue-farben-garnpaket
Katia Magic Ring,https://www.wollplatz.de/wolle/katia/katia-magic-ring
Stylecraft Charm,https://www.wollplatz.de/wolle/stylecraft/stylecraft-charm
Schachenmayr Catania Box Pastelltöne,https://www.wollplatz.de/pakete/garnpakete/schachenmayr-catania-box-pastelltoene
Schachenmayr Catania Box Strahlende Farben,https://www.wollplatz.de/pakete/garnpakete/schachenmayr-catania-box-strahlende-farben
Lana Grossa Meilenweit 6-Fach 150 Mouliné,https://www.wollplatz.de/wolle/lana-grossa-meilenweit-6-fach-150-mouline
Lana Grossa Meilenweit 6-Fach 150 Denim Mix,https://www.wollplatz.de/wolle/lana-grossa-meilenweit-6-fach-150-denim-mix
Lana Grossa Meilenweit 100 Merino Christmas,https://www.wollplatz.de/wolle/lana-grossa-meilenweit-100-merino-christmas
Yarn and Colors Epic Color Pack,https://www.wollplatz.de/pakete/garnpakete/yarn-and-colors-epic-color-pack
Yarn and Colors Must-Have Color Pack,https://www.wollplatz.de/pakete/garnpakete/yarn-and-colors-must-have-color-pack
Stylecraft You & Me DK,https://www.wollplatz.de/wolle/stylecraft/stylecraft-you-me-dk
Stylecraft Wondersoft Merry Go Round DK,https://www.wollplatz.de/wolle/stylecraft/stylecraft-wondersoft-merry-go-round-dk
Stylecraft Special XL Tweed Super Chunky,https://www.wollplatz.de/wolle/stylecraft/stylecraft-special-xl-tweed-super-chunky
Stylecraft Special for Babies Aran,https://www.wollplatz.de/wolle/stylecraft/stylecraft-special-for-babies-aran
Stylecraft Special Chunky,https://www.wollplatz.de/wolle/stylecraft/stylecraft-special-chunky
Stylecraft Special Aran with Wool - Marl shades,https://www.wollplatz.de/wolle/stylecraft/stylecraft-special-aran-with-wool-marl-shades
Stylecraft Special Aran with Wool - Nepp shades,https://www.wollplatz.de/wolle/stylecraft/stylecraft-special-aran-with-wool-nepp-shades
Stylecraft Special Aran with Wool,https://www.wollplatz.de/wolle/stylecraft/stylecraft-special-aran-with-wool
Stylecraft Special Aran,https://www.wollplatz.de/wolle/stylecraft/stylecraft-special-aran
Stylecraft Softie Chunky,https://www.wollplatz.de/wolle/stylecraft/stylecraft-softie-chunky
Stylecraft ReCreate DK,https://www.wollplatz.de/wolle/stylecraft/stylecraft-recreate-dk
Stylecraft Naturals - Organic Cotton DK,https://www.wollplatz.de/wolle/stylecraft/stylecraft-naturals-organic-cotton-dk
Stylecraft Naturals - Bamboo + Cotton DK,https://www.wollplatz.de/wolle/stylecraft/stylecraft-naturals-bamboo-plus-cotton-dk
Stylecraft Life Super Chunky - Nepp shades,https://www.wollplatz.de/wolle/stylecraft/stylecraft-life-super-chunky-nepp-shades
Stylecraft Life Super Chunky,https://www.wollplatz.de/wolle/stylecraft/stylecraft-life-super-chunky
Stylecraft Life Chunky,https://www.wollplatz.de/wolle/stylecraft/stylecraft-life-chunky
Stylecraft Life Aran,https://www.wollplatz.de/wolle/stylecraft/stylecraft-life-aran
Stylecraft Highland Heathers Aran,https://www.wollplatz.de/wolle/stylecraft/stylecraft-highland-heathers-aran
Stylecraft Bellissima Chunky,https://www.wollplatz.de/wolle/stylecraft/stylecraft-bellissima-chunky
Stylecraft Life DK - Nepp shades,https://www.wollplatz.de/wolle/stylecraft/stylecraft-life-dk-nepp-shades
Stylecraft Batik Swirl DK,https://www.wollplatz.de/wolle/stylecraft/stylecraft-batik-swirl-dk
Stylecraft Bambino Prints DK,https://www.wollplatz.de/wolle/stylecraft/stylecraft-bambino-prints-dk
DMC Pirouette,https://www.wollplatz.de/wolle/dmc/dmc-pirouette
DMC Brio,https://www.wollplatz.de/wolle/dmc/dmc-brio
Gütermann Nähgarnset Allesnähgarn rPET - 10 Spulen,https://www.wollplatz.de/wolle/gutermann/guetermann-naehgarnset-allesnaehgarn-rpet-10-spulen
DMC 517 Mouliné Coloris Stickgarn 8m,https://www.wollplatz.de/wolle/dmc/dmc-517-mouline-coloris-stickgarn-8m
Gütermann Nähgarnset Allesnähgarn rPET - 20 Spulen,https://www.wollplatz.de/wolle/guetermann-naehgarnset-allesnaehgarn-rpet-20-spulen
Gütermann Nähgarnset Jeans - 5 Spulen,https://www.wollplatz.de/wolle/gutermann/guetermann-naehgarnset-jeans-5-spulen
Gütermann Nähgarnset Allesnähgarn - 20 Spulen,https://www.wollplatz.de/wolle/gutermann/guetermann-naehgarnset-allesnaehgarn-20-spulen
Gütermann Nähgarnset Allesnähgarn - 10 Spulen,https://www.wollplatz.de/wolle/gutermann/guetermann-naehgarnset-allesnaehgarn-10-spulen
DMC 1008F Mouliné Satin Stickgarn 8m,https://www.wollplatz.de/wolle/dmc/dmc-1008f-mouline-satin-stickgarn-8m
Gütermann Nähgarnset Denim - 6 Spulen,https://www.wollplatz.de/wolle/gutermann/guetermann-naehgarnset-denim-6-spulen
DMC 317W Mouliné Metallise Stickgarn 8m,https://www.wollplatz.de/wolle/dmc/dmc-317w-mouline-metallise-stickgarn-8m
DMC 417F Mouliné Variation Stickgarn 8m,https://www.wollplatz.de/wolle/dmc/dmc-417f-mouline-variation-stickgarn-8m
DMC 117MC Mouliné Special Stickgarn 8m,https://www.wollplatz.de/wolle/dmc/dmc-117mc-mouline-special-stickgarn-8m
Gütermann Polyester Nähgarn 200m,https://www.wollplatz.de/wolle/gutermann/guetermann-polyester-naehgarn-200m
Durable Coral Mini,https://www.wollplatz.de/wolle/durable/durable-coral-mini
Durable Norwool Plus,https://www.wollplatz.de/wolle/durable/durable-norwool-plus
Durable Norwool,https://www.wollplatz.de/wolle/durable/durable-norwool
Durable Farbige Baumwolle No. 8 310 White,https://www.wollplatz.de/artikel/37400/durable-farbige-baumwolle-no-8-310-white.html
Durable Farbige Baumwolle No. 8,https://www.wollplatz.de/wolle/durable/durable-farbige-baumwolle-no-8
Lana Grossa Meilenweit 100 Puzzle,https://www.wollplatz.de/wolle/lana-grossa/lana-grossa-meilenweit-100-puzzle
Lana Grossa Cool Merino Print,https://www.wollplatz.de/wolle/lana-grossa/lana-grossa-cool-merino-print
Lana Grossa Cool Merino Uni,https://www.wollplatz.de/wolle/lana-grossa/lana-grossa-cool-merino-uni
Lana Grossa Puno Due,https://www.wollplatz.de/wolle/lana-grossa/lana-grossa-puno-due
Lana Grossa Alpaca Moda,https://www.wollplatz.de/wolle/lana-grossa/lana-grossa-alpaca-moda
Rico Baby Dream Tweed dk,https://www.wollplatz.de/wolle/lana-grossa/rico-baby-dream-tweed-dk
Rico Creative Mohair Melange,https://www.wollplatz.de/wolle/rico/rico-creative-mohair-melange
Rico Creative Melange Aran Wonderball,https://www.wollplatz.de/wolle/rico/rico-creative-melange-aran-wonderball
Rico Fashion Alpaca Bling Bling,https://www.wollplatz.de/wolle/rico/rico-fashion-alpaca-bling-bling
Rico Fashion Skinny Alpaca Aran,https://www.wollplatz.de/wolle/rico/rico-fashion-skinny-alpaca-aran
Durable Velvet,https://www.wollplatz.de/wolle/durable/durable-velvet
Stylecraft Special DK Alle Farben Paket,https://www.wollplatz.de/pakete/rabattpakete/stylecraft-special-dk-alle-farben-paket
Schachenmayr Bravo,https://www.wollplatz.de/wolle/smc-schachenmayr/smc-bravo
Drops Soft Tweed Mix,https://www.wollplatz.de/wolle/drops/drops-soft-tweed-mix
Drops Soft Tweed Uni Colour,https://www.wollplatz.de/wolle/drops/drops-soft-tweed-uni-colour
Pink Label Einführungspaket,https://www.wollplatz.de/pakete/weitere-pakete/pink-label-einfuehrungspaket
Pink Label Acrylic Ribbon Alle Farben Paket,https://www.wollplatz.de/pakete/weitere-pakete/pink-label-acrylic-ribbon-alle-farben-paket
Pink Label Cotton Tube Alle Farben Paket,https://www.wollplatz.de/pakete/weitere-pakete/pink-label-cotton-tube-alle-farben-paket
Lana Grossa Setasuri,https://www.wollplatz.de/wolle/lana-grossa/lana-grossa-setasuri
Lana Grossa Ecopuno Tweed,https://www.wollplatz.de/wolle/lana-grossa/lana-grossa-ecopuno-tweed
Lana Grossa Brigitte No.4,https://www.wollplatz.de/wolle/lana-grossa/lana-grossa-brigitte-no4
Yarn and Colors Must-have 25  Farben Paket,https://www.wollplatz.de/pakete/weitere-pakete/yarn-and-colors-must-have-25-farben-paket
Yarn and Colors Must-have 50 Farben Paket,https://www.wollplatz.de/pakete/weitere-pakete/yarn-and-colors-must-have-50-farben-paket
Yarn and Colors Must-have Alle Farben Paket,https://www.wollplatz.de/pakete/weitere-pakete/yarn-and-colors-must-have-alle-farben-paket
Schachenmayr Catania Alle Farben Paket,https://www.wollplatz.de/pakete/weitere-pakete/schachenmayr-catania-alle-farben-paket
Yarn and Colors Baby Fabulous Alle Farben Paket,https://www.wollplatz.de/pakete/weitere-pakete/yarn-and-colors-baby-fabulous-alle-farben-paket
Pink Label Mixed Up Alle Farben Paket,https://www.wollplatz.de/pakete/weitere-pakete/pink-label-mixed-up-alle-farben-paket
Pink Label Organic Cotton Alle Farben Paket,https://www.wollplatz.de/pakete/weitere-pakete/pink-label-organic-cotton-alle-farben-paket
Yarn and Colors Favorite Alle Farben Paket,https://www.wollplatz.de/pakete/weitere-pakete/yarn-and-colors-favorite-alle-farben-paket
Durable Rope,https://www.wollplatz.de/wolle/durable/durable-rope
Katia Paraiso,https://www.wollplatz.de/wolle/katia/katia-paraiso
Katia Pluma,https://www.wollplatz.de/wolle/katia/katia-pluma
Pink Label Organic Cotton,https://www.wollplatz.de/wolle/pink-label/pink-label-organic-cotton
Pink Label Cotton Tube,https://www.wollplatz.de/wolle/pink-label/pink-label-cotton-tube
Pink Label Acrylic Ribbon,https://www.wollplatz.de/wolle/pink-label/pink-label-acrylic-ribbon
Pink Label Hugg,https://www.wollplatz.de/wolle/pink-label/pink-label-hugg
Pink Label Mixed Up,https://www.wollplatz.de/wolle/pink-label/pink-label-mixed-up
Yarn and Colors Gentle,https://www.wollplatz.de/wolle/yarn-and-colors/yarn-and-colors-gentle
Yarn and Colors Amazing,https://www.wollplatz.de/wolle/yarn-and-colors/yarn-and-colors-amazing
Lana Grossa Amoroso,https://www.wollplatz.de/wolle/lana-grossa/lana-grossa-amoroso
Lana Grossa Gomitolo Sole,https://www.wollplatz.de/wolle/lana-grossa/lana-grossa-gomitolo-sole
Lana Grossa Per Fortuna,https://www.wollplatz.de/wolle/lana-grossa/lana-grossa-per-fortuna
Lana Grossa Allora,https://www.wollplatz.de/wolle/lana-grossa/lana-grossa-allora
Stylecraft Highland Heathers DK,https://www.wollplatz.de/wolle/stylecraft/stylecraft-highland-heathers-dk
Lana Grossa Silkhair Haze Print,https://www.wollplatz.de/wolle/lana-grossa/lana-grossa-silkhair-haze-print
Drops Wish Uni Colour,https://www.wollplatz.de/wolle/drops/drops-wish-uni-colour
Drops Wish Natural,https://www.wollplatz.de/wolle/drops/drops-wish-naturel
Drops Wish Mix,https://www.wollplatz.de/wolle/drops/drops-wish-mix
Katia United Socks,https://www.wollplatz.de/wolle/katia/katia-united-socks
Katia Soft Gratté,https://www.wollplatz.de/wolle/katia/katia-soft-gratte
Durable Piece of Cake,https://www.wollplatz.de/wolle/durable/durable-piece-of-cake
Durable Colour Cake,https://www.wollplatz.de/wolle/durable/durable-colour-cake
Durable Cosy Fine Faded,https://www.wollplatz.de/wolle/durable/durable-cosy-fine-faded
Lana Grossa Ecopuno Hand-Dyed,https://www.wollplatz.de/wolle/lana-grossa/lana-grossa-ecopuno-hand-dyed
Lana Grossa Landlust Winterwolle,https://www.wollplatz.de/wolle/lana-grossa/lana-grossa-landlust-winterwolle
Lana Grossa Nuvoletta,https://www.wollplatz.de/wolle/lana-grossa/lana-grossa-nuvoletta
Stylecraft Cabaret DK,https://www.wollplatz.de/wolle/stylecraft/stylecraft-cabaret-dk
Katia Saigon,https://www.wollplatz.de/wolle/katia/katia-saigon
Katia Cotton 100%,https://www.wollplatz.de/wolle/katia/katia-cotton
Budgetyarn Chunky Acrylic,https://www.wollplatz.de/wolle/budgetyarn/budgetyarn-chunky-acrylic
Budgetyarn Like Wool Baby,https://www.wollplatz.de/wolle/budgetyarn/budgetyarn-like-wool-baby
Katia 50 Mohair Shades,https://www.wollplatz.de/wolle/katia/katia-50-mohair-shades
Katia Super Merino,https://www.wollplatz.de/wolle/katia/katia-super-merino
Lana Grossa Bingo Mélange (GOTS),https://www.wollplatz.de/wolle/lana-grossa/lana-grossa-bingo-melange-gots
Lana Grossa Colorissimo,https://www.wollplatz.de/wolle/lana-grossa/lana-grossa-colorissimo
Lana Grossa Cool Wool Big Mélange (GOTS),https://www.wollplatz.de/wolle/lana-grossa/lana-grossa-cool-wool-big-melange-gots
Lana Grossa Cool Wool Lace,https://www.wollplatz.de/wolle/lana-grossa/lana-grossa-cool-wool-lace
Lana Grossa Cool Wool Mélange (GOTS),https://www.wollplatz.de/wolle/lana-grossa/lana-grossa-cool-wool-melange-gots
Lana Grossa Silkhair Haze Dégradé,https://www.wollplatz.de/wolle/lana-grossa/lana-grossa-silkhair-haze-degrade
Lang Yarns Copenhagen,https://www.wollplatz.de/wolle/lang-yarns/lang-yarns-copenhagen
Lang Yarns Handarbeitsgarn,https://www.wollplatz.de/wolle/lang-yarns/lang-yarns-handarbeitsgarn
Lang Yarns Handarbeitsgarn Color,https://www.wollplatz.de/wolle/lang-yarns/lang-yarns-handarbeitsgarn-color
Lang Yarns Malou Luxe,https://www.wollplatz.de/wolle/lang-yarns/lang-yarns-malou-luxe
Lang Yarns Merino 200 Bebe Color,https://www.wollplatz.de/wolle/lang-yarns/lang-yarns-merino-200-bebe-color
Lang Yarns Omega +,https://www.wollplatz.de/wolle/lang-yarns/lang-yarns-omega-plus
Lang Yarns Tissa Color,https://www.wollplatz.de/wolle/lang-yarns/lang-yarns-tissa-color
Yarn and Colors Elegant,https://www.wollplatz.de/wolle/yarn-and-colors/yarn-and-colors-elegant
Yarn and Colors Favorite,https://www.wollplatz.de/wolle/yarn-and-colors/yarn-and-colors-favorite
Budgetyarn Acrylic DK,https://www.wollplatz.de/wolle/budgetyarn/budgetyarn-acrylic-dk
Budgetyarn Chunky Chenille,https://www.wollplatz.de/wolle/budgetyarn/budgetyarn-chunky-chenille
Budgetyarn Cotton DK,https://www.wollplatz.de/wolle/budgetyarn/budgetyarn-cotton-dk
Budgetyarn Soft Aran,https://www.wollplatz.de/wolle/budgetyarn/budgetyarn-soft-aran
DMC Cotton Natura,https://www.wollplatz.de/wolle/dmc/dmc-justcotton
DMC Natura Medium,https://www.wollplatz.de/wolle/dmc/dmc-natura-medium
DMC Natura XL,https://www.wollplatz.de/wolle/dmc/dmc-natura-xl
Drops Air Mix,https://www.wollplatz.de/wolle/drops/drops-air-mix
Drops Air Uni Colour,https://www.wollplatz.de/wolle/drops/drops-air-uni-colour
Drops Alaska Mix,https://www.wollplatz.de/wolle/drops/drops-alaska
Drops Alaska Uni Colour,https://www.wollplatz.de/wolle/drops/drops-alaska-uni-colour
Drops Alpaca Bouclé Mix,https://www.wollplatz.de/wolle/drops/drops-alpaca-boucle-mix
Drops Alpaca Bouclé Uni Colour,https://www.wollplatz.de/wolle/drops/drops-alpaca-boucle-uni-colour
Drops Alpaca Mix,https://www.wollplatz.de/wolle/drops/drops-alpaca-mix
Drops Alpaca Uni Colour,https://www.wollplatz.de/wolle/drops/drops-alpaca
Drops Andes Mix,https://www.wollplatz.de/wolle/drops/drops-andes-mix
Drops Andes Uni Colour,https://www.wollplatz.de/wolle/drops/drops-andes-uni-colour
Drops Baby Merino Mix,https://www.wollplatz.de/wolle/drops/drops-baby-merino-mix
Drops Baby Merino Uni Colour,https://www.wollplatz.de/wolle/drops/drops-baby-merino-uni-colour
Drops BabyAlpaca Silk Uni Colour,https://www.wollplatz.de/wolle/drops/drops-babyalpaca-silk-uni-colour
Drops Belle Uni Colour,https://www.wollplatz.de/wolle/drops/drops-belle-uni-colour
Drops Big Delight,https://www.wollplatz.de/wolle/drops/drops-big-delight
Drops Big Merino Mix,https://www.wollplatz.de/wolle/drops/drops-big-merinomix
Drops Big Merino Uni Colour,https://www.wollplatz.de/wolle/drops/drops-big-merino-uni-colour
Drops Bomull-Lin Uni Colour,https://www.wollplatz.de/wolle/drops/drops-bomull-lin-uni-colour
Drops Brushed Alpaca Silk Uni Colour,https://www.wollplatz.de/wolle/drops/drops-brushed-alpaca-silk-uni-colour
Drops Cotton Light Uni Colour,https://www.wollplatz.de/wolle/drops/drops-cotton-light-uni-colour
Drops Cotton Merino Uni Colour,https://www.wollplatz.de/wolle/drops/drops-cotton-merino-uni-colour
Drops Delight,https://www.wollplatz.de/wolle/drops/drops-delight
Drops Fabel Long Print,https://www.wollplatz.de/wolle/sockenwolle/drops-fabel-long-print
Drops Fabel Print,https://www.wollplatz.de/wolle/sockenwolle/drops-fabel-print
Drops Fabel Uni Colour,https://www.wollplatz.de/wolle/dropsdrops-fabel-uni-colour
Drops Flora Mix,https://www.wollplatz.de/wolle/drops/drops-flora-mix
Drops Flora Uni Colour,https://www.wollplatz.de/wolle/drops/drops-flora-uni-colour
Drops Glitter Colours,https://www.wollplatz.de/wolle/drops/drops-glitter-colours
Drops Glitter Gold & Silver,https://www.wollplatz.de/wolle/drops/drops-glitter-gold-silver
Drops Karisma Mix,https://www.wollplatz.de/wolle/drops/drops-karisma-mix
Drops Karisma Uni Colour,https://www.wollplatz.de/wolle/drops/drops-karisma-uni-colour
Drops Kid-Silk Long Print,https://www.wollplatz.de/wolle/drops/drops-kid-silk-long-print
Drops Kid-Silk Uni Colour,https://www.wollplatz.de/wolle/drops/drops-kid-silk-uni-colour
Drops Lima Mix,https://www.wollplatz.de/wolle/drops/drops-lima-mix
Drops Lima Uni Colour,https://www.wollplatz.de/wolle/drops/drops-lima-uni-colour
Drops Melody Uni Colour,https://www.wollplatz.de/wolle/drops/drops-melody-uni-colour
Drops Merino Extra Fine Mix,https://www.wollplatz.de/wolle/drops/drops-merino-extrafine-mix
Drops Merino Extra Fine Uni Colour,https://www.wollplatz.de/wolle/drops/drops-merino-extrafine-uni
Drops Muskat Uni Colour,https://www.wollplatz.de/wolle/drops/drops-muskat-uni-colour
Drops Nepal Mix,https://www.wollplatz.de/wolle/drops/drops-nepal-mix
Drops Nepal Uni Colour,https://www.wollplatz.de/wolle/drops/drops-nepal-uni-colour
Drops Nord Mix,https://www.wollplatz.de/wolle/drops/drops-nord-mix
Drops Nord Uni Colour,https://www.wollplatz.de/wolle/drops/drops-nord-uni-colour
Drops Paris,https://www.wollplatz.de/wolle/drops/drops-paris
Drops Paris Recycled Denim,https://www.wollplatz.de/wolle/drops/drops-paris-recycled-denim
Drops Polaris Mix,https://www.wollplatz.de/wolle/drops/drops-polaris-mix
Drops Polaris Uni Colour,https://www.wollplatz.de/wolle/drops/drops-polaris-uni-colour
Drops Puna Natural,https://www.wollplatz.de/wolle/drops/drops-puna-natural
Drops Puna Natural Mix,https://www.wollplatz.de/wolle/drops/drops-puna-natural-mix
Drops Puna Uni Colour,https://www.wollplatz.de/wolle/drops/drops-puna-uni-colour
Drops Safran,https://www.wollplatz.de/wolle/drops/drops-safran
Drops Sky Mix,https://www.wollplatz.de/wolle/drops/drops-sky-mix
Drops Sky Uni Colour,https://www.wollplatz.de/wolle/drops/drops-sky-uni-colour
Drops Snow (Eskimo) Mix,https://www.wollplatz.de/wolle/drops/drops-eskimo
Drops Snow (Eskimo) Uni Colour,https://www.wollplatz.de/wolle/drops/drops-eskimo-uni-colour
Durable Stick- und Häkelbaumwollgarn,https://www.wollplatz.de/wolle/durable/durable-stick-hakelbaumwollgarn
Durable Häkelgarn Nr. 10,https://www.wollplatz.de/wolle/durable/durable-haekelgarn-10
Durable Häkelgarn Nr. 12,https://www.wollplatz.de/wolle/durable/durable-haekelgarn-12
Durable Häkelgarn Nr. 8,https://www.wollplatz.de/wolle/durable/durable-haekelgarn-8
Durable Chunky,https://www.wollplatz.de/wolle/durable/durable-chunky
Durable Coral,https://www.wollplatz.de/wolle/durable/durable-coral
Durable Coral Alle Farben Paket,https://www.wollplatz.de/pakete/andere-pakete/vorteilspakete/durable-coral-alle-farben-paket
Durable Cosy,https://www.wollplatz.de/wolle/durable/durable-cosy
Durable Cosy Extra Fine,https://www.wollplatz.de/wolle/durable/durable-cosy-extra-fine
Durable Cosy Fine,https://www.wollplatz.de/wolle/durable/durable-cosy-fine
Durable Double Four,https://www.wollplatz.de/wolle/durable/durable-double-four
Durable Forest,https://www.wollplatz.de/wolle/durable/durable-forest
Durable Furry,https://www.wollplatz.de/wolle/synthetisch/durable-furry
Durable Glam,https://www.wollplatz.de/wolle/durable/durable-glam
Durable Glanzbaumwolle Nr. 10,https://www.wollplatz.de/wolle/durable/durable-glanzbaumwolle-10
Durable Glanzbaumwolle Nr. 12,https://www.wollplatz.de/wolle/durable/durable-glanzbaumwolle-12
Durable Glanzbaumwolle No. 8,https://www.wollplatz.de/wolle/durable/durable-glanzbaumwolle-no-8
Durable Latch Hook Yarn,https://www.wollplatz.de/wolle/durable/durable-latch-hook-yarn
Durable Macramé,https://www.wollplatz.de/wolle/durable/durable-macrame
Durable Soqs,https://www.wollplatz.de/wolle/durable/durable-soqs
Durable Teddy,https://www.wollplatz.de/wolle/durable/durable-teddy
Go Handmade Couture,https://www.wollplatz.de/wolle/go-handmade/go-handmade-couture
Gütermann Transparent 200m,https://www.wollplatz.de/amigurumi/gummibaender-kordel/guetermann-transparent
Katia Alaska,https://www.wollplatz.de/wolle/katia/katia-alaska
Katia Azteca,https://www.wollplatz.de/wolle/katia/katia-azteca
Katia Basic Merino,https://www.wollplatz.de/wolle/katia/katia-basicmerino
Katia Canada,https://www.wollplatz.de/wolle/synthetisch/katia-canada
Katia Capri,https://www.wollplatz.de/wolle/katia/katia-capri
Katia Catena Merino Fine,https://www.wollplatz.de/wolle/katia/katia-catena-merino-fine
Katia Cotton Cashmere,https://www.wollplatz.de/wolle/katia/katia-cotton-cashmere
Katia Cotton-Merino,https://www.wollplatz.de/wolle/katia/katia-cotton-merino
Katia Fair Cotton,https://www.wollplatz.de/wolle/katia/katia-fair-cotton
Katia Ingenious Big,https://www.wollplatz.de/wolle/katia/katia-ingenious-big
Katia Ingenua,https://www.wollplatz.de/wolle/katia/katia-ingenua
Katia Merino 100%,https://www.wollplatz.de/wolle/katia/katia-merino-100
Katia Merino Aran,https://www.wollplatz.de/wolle/katia/katia-merino-aran
Katia Merino Baby,https://www.wollplatz.de/wolle/katia/katia-merino-baby
Katia Merino Sport,https://www.wollplatz.de/wolle/katia/katia-merino-sport
Katia Polar,https://www.wollplatz.de/wolle/katia/katia-polar
Katia Tencel-Cotton,https://www.wollplatz.de/wolle/katia/katia-tencel-cotton
Katia Ultrasoft,https://www.wollplatz.de/wolle/katia/katia-ultrasoft
Lana Grossa 365 Cotone,https://www.wollplatz.de/wolle/lana-grossa/lana-grossa-365-cotone
Lana Grossa About Berlin Funky,https://www.wollplatz.de/wolle/lana-grossa/lana-grossa-about-berlin-funky
Lana Grossa Anima,https://www.wollplatz.de/wolle/lana-grossa/lana-grossa-anima
Lana Grossa Bingo,https://www.wollplatz.de/wolle/lana-grossa/lanagrossa-bingo
Lana Grossa Bingo Mélange,https://www.wollplatz.de/wolle/lana-grossa/lana-grossa-bingo-melange
Lana Grossa Bottone,https://www.wollplatz.de/wolle/lana-grossa/lana-grossa-bottone
Lana Grossa Brigitte No.2,https://www.wollplatz.de/wolle/lana-grossa/lana-grossa-brigitte-no-2
Lana Grossa Brigitte No.3,https://www.wollplatz.de/wolle/lana-grossa/lana-grossa-brigitte-no-3
Lana Grossa Capri,https://www.wollplatz.de/wolle/lana-grossa/lana-grossa-capri
Lana Grossa Cashseta,https://www.wollplatz.de/wolle/lana-grossa/lana-grossa-cashseta
Lana Grossa Chilly,https://www.wollplatz.de/wolle/lana-grossa/lana-grossa-chilly
Lana Grossa Cool Wool,https://www.wollplatz.de/wolle/lana-grossa/lanagrossa-merinosuperfein
Lana Grossa Cool Wool Big,https://www.wollplatz.de/wolle/lana-grossa/lana-grossa-cool-wool-big
Lana Grossa Cool Wool Big Melange,https://www.wollplatz.de/wolle/lana-grossa/lana-grossa-cool-wool-big-melange
Lana Grossa Cotton Mix 130,https://www.wollplatz.de/wolle/lana-grossa/lana-grossa-cotton-mix-130
Lana Grossa Cotton Style,https://www.wollplatz.de/wolle/lana-grossa/lana-grossa-cotton-style
Lana Grossa Difuso,https://www.wollplatz.de/wolle/lana-grossa/lana-grossa-difuso
Lana Grossa Ecopuno,https://www.wollplatz.de/wolle/lana-grossa/lana-grossa-ecopuno
Lana Grossa Elastico,https://www.wollplatz.de/wolle/lana-grossa/lanagrossa-elastico
Lana Grossa Feltro,https://www.wollplatz.de/wolle/lana-grossa/lanagrossa-feltro
Lana Grossa Fourseason,https://www.wollplatz.de/wolle/lana-grossa/lana-grossa-fourseason
Lana Grossa Fusione,https://www.wollplatz.de/wolle/lana-grossa/lana-grossa-fusione
Lana Grossa Lala Berlin Furry,https://www.wollplatz.de/wolle/lana-grossa/lana-grossa-lala-berlin-furry
Lana Grossa Landlust Merino 120,https://www.wollplatz.de/wolle/lana-grossa/lana-grossa-landlust-merino-120
Lana Grossa Landlust Sommerseide,https://www.wollplatz.de/wolle/lana-grossa/lana-grossa-landlust-sommerseide
Lana Grossa Linarte,https://www.wollplatz.de/wolle/lana-grossa/lana-grossa-linarte
Lana Grossa Meilenweit 6-Fach 150 Mélange,https://www.wollplatz.de/wolle/lana-grossa/lana-grossa-meilenweit-6-fach150-melange
Lana Grossa Meilenweit 6-Fach 150 Tweed,https://www.wollplatz.de/wolle/lana-grossa/lana-grossa-meilenweit-6-fach-150-tweed
Lana Grossa Meilenweit 6-Fach 150 Unito,https://www.wollplatz.de/wolle/lana-grossa/lana-grossa-meilenweit-6-fach-150-unito
Lana Grossa Merino Uno,https://www.wollplatz.de/wolle/lana-grossa/lana-grossa-merino-uno
Lana Grossa Micio,https://www.wollplatz.de/wolle/lana-grossa/lana-grossa-micio
Lana Grossa Mohairnuovo,https://www.wollplatz.de/wolle/lana-grossa/lana-grossa-mohairnuovo
Lana Grossa Organico Uni,https://www.wollplatz.de/wolle/lana-grossa/lana-grossa-organico-uni
Lana Grossa Scala,https://www.wollplatz.de/wolle/lana-grossa/lana-grossa-scala
Lana Grossa Silkhair,https://www.wollplatz.de/wolle/lana-grossa/lanagrossa-silkhair
Lana Grossa Soft Cotton,https://www.wollplatz.de/wolle/lana-grossa/lana-grossa-soft-cotton
Lana Grossa Solo Lino,https://www.wollplatz.de/wolle/lana-grossa/lana-grossa-solo-lino
Lang Yarns Alpaca Superlight,https://www.wollplatz.de/wolle/lang-yarns/lang-yarns-alpaca-superlight
Lang Yarns Amira,https://www.wollplatz.de/wolle/lang-yarns/lang-yarns-amira
Lang Yarns Angelina,https://www.wollplatz.de/wolle/lang-yarns/lang-yarns-angelina
Lang Yarns Carina,https://www.wollplatz.de/wolle/lang-yarns/lang-yarns-carina
Lang Yarns Carpe Diem,https://www.wollplatz.de/wolle/lang-yarns/lang-yarns-carpe-diem
Lang Yarns Cashmerino For Babies and More,https://www.wollplatz.de/wolle/lang-yarns/lang-yarns-cashmerino-for-babies-and-more
Lang Yarns Corso,https://www.wollplatz.de/wolle/lang-yarns/lang-yarns-corso
Lang Yarns Divina,https://www.wollplatz.de/wolle/lang-yarns/lang-yarns-divina
Lang Yarns Gaia,https://www.wollplatz.de/wolle/lang-yarns/lang-yarns-gaia
Lang Yarns Jawoll Superwash,https://www.wollplatz.de/wolle/sockenwolle/lang-yarns-jawoll-superwash
Lang Yarns Kim,https://www.wollplatz.de/wolle/lang-yarns/lang-yarns-kim
Lang Yarns Kylie,https://www.wollplatz.de/wolle/lang-yarns/lang-yarns-kylie
Lang Yarns Wooladdicts Liberty,https://www.wollplatz.de/wolle/lang-yarns/lang-yarns-wooladdicts-liberty
Lang Yarns Malou,https://www.wollplatz.de/wolle/lang-yarns/langyarns-malou
Lang Yarns Malou Light,https://www.wollplatz.de/wolle/lang-yarns/lang-yarns-malou-light
Lang Yarns Marlene,https://www.wollplatz.de/wolle/lang-yarns/lang-yarns-marlene
Lang Yarns Merino 120,https://www.wollplatz.de/wolle/lang-yarns/lang-yarns-merino-120
Lang Yarns Merino 150,https://www.wollplatz.de/wolle/lang-yarns/lang-yarns-merino-150
Lang Yarns Merino 200 Bebe,https://www.wollplatz.de/wolle/lang-yarns/lang-yarns-merino-200-bebe
Lang Yarns Merino+,https://www.wollplatz.de/wolle/lang-yarns/lang-yarns-merino
Lang Yarns Omega,https://www.wollplatz.de/wolle/lang-yarns/lang-yarns-omega
Lang Yarns Origami,https://www.wollplatz.de/wolle/lang-yarns/lang-yarns-origami
Lang Yarns Passione,https://www.wollplatz.de/wolle/lang-yarns/lang-yarns-passione
Lang Yarns Quattro,https://www.wollplatz.de/wolle/lang-yarns/lang-yarns-quattro
Lang Yarns Soft Cotton,https://www.wollplatz.de/wolle/lang-yarns/lang-yarns-soft-cotton
Lang Yarns Softhair,https://www.wollplatz.de/wolle/lang-yarns/langyarns-softhair
Lang Yarns Stockholm,https://www.wollplatz.de/wolle/lang-yarns/lang-yarns-stockholm
Lang Yarns Tissa,https://www.wollplatz.de/wolle/lang-yarns/lang-yarns-tissa
Lang Yarns Twin Soxx Streetsoxx 4-PLY,https://www.wollplatz.de/wolle/lang-yarns/lang-yarns-twin-soxx-streetsoxx-4-ply
Lang Yarns Valerie,https://www.wollplatz.de/wolle/lang-yarns/lang-yarns-valerie
Lang Yarns Wooladdicts Air,https://www.wollplatz.de/wolle/lang-yarns/lang-yarns-air
Lang Yarns Wooladdicts Faith,https://www.wollplatz.de/wolle/lang-yarns/lang-yarns-wooladdicts-faith
Lang Yarns Wooladdicts Fire,https://www.wollplatz.de/wolle/lang-yarns/lang-yarns-fire
Lang Yarns Wooladdicts Happiness,https://www.wollplatz.de/wolle/lang-yarns/lang-yarns-wooladdicts-happiness
Lang Yarns Wooladdicts Respect,https://www.wollplatz.de/wolle/lang-yarns/lang-yarns-wooladdicts-respect
Lang Yarns Wooladdicts Sunshine,https://www.wollplatz.de/wolle/lang-yarnslang-yarns-wooladdicts-sunshine
Lang Yarns Wooladdicts Trust,https://www.wollplatz.de/wolle/lang-yarns/lang-yarns-wooladdicts-trust
Lang Yarns Wooladdicts Water,https://www.wollplatz.de/wolle/lang-yarns/lang-yarns-water
Lang Yarns Yara,https://www.wollplatz.de/wolle/lang-yarns/lang-yarns-yara
Lana Grossa Bingo 1 Light Grey Mottled,https://www.wollplatz.de/artikel/10647/lana-grossa-bingo-1-light-grey-mottled.html
Phildar Frimas,https://www.wollplatz.de/wolle/phildar/phildar-frimas
Phildar Nebuleuse,https://www.wollplatz.de/wolle/phildar/phildar-nebuleuse
Phildar Phil Air Perou,https://www.wollplatz.de/wolle/phildar/phildar-phil-air-perou
Phildar Phil Caresse,https://www.wollplatz.de/wolle/phildar/phildar-phil-caresse
Phildar Phil Coton 4,https://www.wollplatz.de/wolle/phildar/phildar-phil-coton-4
Phildar Phil Degrade,https://www.wollplatz.de/wolle/phildar/phildar-phil-degrade
Phildar Phil Ecojean,https://www.wollplatz.de/wolle/phildar/phildar-phil-ecojean
Phildar Phil Express,https://www.wollplatz.de/wolle/phildar/phildar-phil-express
Phildar Phil Irlandais,https://www.wollplatz.de/wolle/phildar/phildar-phil-irlandais
Phildar Phil Light,https://www.wollplatz.de/wolle/phildar/phildar-phillight
Phildar Phil Merinos 3.5,https://www.wollplatz.de/wolle/phildar/phildar-phil-merinos-3-5
Phildar Phil Mikado,https://www.wollplatz.de/wolle/phildar/phildar-phil-mikado
Phildar Phil Nuage,https://www.wollplatz.de/wolle/phildar/phildar-phil-nuage
Phildar Phil Petillant,https://www.wollplatz.de/wolle/phildar/phildar-phil-petillant
Phildar Phil Pima,https://www.wollplatz.de/wolle/phildar/phildar-phil-pima
Phildar Phil Popcorn,https://www.wollplatz.de/wolle/phildar/phildar-phil-popcorn
Phildar Phil Rustique,https://www.wollplatz.de/wolle/phildar/phildar-phil-rustique
Phildar Phil Sport,https://www.wollplatz.de/wolle/phildar/phildar-phil-sport
Phildar Phil Wavy,https://www.wollplatz.de/wolle/phildar/phildar-phil-wavy
Rico Baby Classic dk,https://www.wollplatz.de/wolle/rico/rico-baby-classic-dk
Rico Baby Cotton Soft dk,https://www.wollplatz.de/wolle/rico/rico-baby-cotton-soft-dk
Rico Baby Cotton Soft Print dk,https://www.wollplatz.de/wolle/rico/rico-baby-cotton-soft-dk-print
Rico Baby Dream DK,https://www.wollplatz.de/wolle/synthetisch/rico-baby-dream-dk
Rico Baby Dream DK Uni,https://www.wollplatz.de/wolle/rico/rico-baby-dream-dk-uni
Rico Baby Teddy Aran,https://www.wollplatz.de/wolle/rico/rico-baby-teddy-aran
Rico Creative Bubble,https://www.wollplatz.de/wolle/rico/rico-creative-bubble
Rico Creative Cocon,https://www.wollplatz.de/wolle/rico/rico-creative-cocon
Rico Creative Cotton Aran,https://www.wollplatz.de/wolle/rico/rico-creativecottonaran
Rico Creative Cotton Aran Print,https://www.wollplatz.de/wolle/rico/rico-creative-cotton-aran-print
Rico Creative Cotton Colour Coated,https://www.wollplatz.de/wolle/rico/rico-creative-cotton-colour-coated
Rico Creative Lamé,https://www.wollplatz.de/wolle/rico/rico-creative-lame
Rico Creative Melange Chunky,https://www.wollplatz.de/wolle/rico/rico-creative-melange-chunky
Rico Creative Natur,https://www.wollplatz.de/wolle/rico/rico-creative-natur
Rico Creative Silky Touch dk,https://www.wollplatz.de/wolle/rico/rico-creative-silky-touch
Rico Creative Smile,https://www.wollplatz.de/wolle/rico/rico-creative-smile
Rico Creative Soft Wool Aran,https://www.wollplatz.de/wolle/rico/rico-creative-soft-wool-aran
Rico Creative Sport dk,https://www.wollplatz.de/wolle/rico/rico-creative-sport-dk
Rico Essentials Alpaca Blend Chunky,https://www.wollplatz.de/wolle/rico/rico-essentials-alpaca-blend-chunky
Rico Essentials Cashlana,https://www.wollplatz.de/wolle/rico/rico-essentialscashlana
Rico Essentials Cotton dk,https://www.wollplatz.de/wolle/rico/rico-essentials-cotton-dk
Rico Essentials Crochet,https://www.wollplatz.de/wolle/rico/rico-essentials-crochet
Rico Essentials Mega Wool Chunky,https://www.wollplatz.de/wolle/rico/rico-essentials-mega-merino-chunky
Rico Essentials Merino dk,https://www.wollplatz.de/wolle/rico/rico-essentials-merino-dk
Rico Essentials Super Chunky,https://www.wollplatz.de/wolle/rico/rico-essentials-super-chunky
Rico Essentials Super Kid Mohair Loves Silk,https://www.wollplatz.de/wolle/rico/rico-essentials-super-kid-mohair-silk
Rico Essentials Super Super Chunky,https://www.wollplatz.de/wolle/rico/rico-essentials-super-super-chunky
Rico Fashion Cotton Light & Long Tweed dk,https://www.wollplatz.de/wolle/rico/rico-fashion-cotton-light-and-long-tweed-dk
Rico Fashion Gigantic Mohair,https://www.wollplatz.de/wolle/rico/rico-fashion-gigantic-mohair
Rico Fashion Jersey,https://www.wollplatz.de/wolle/rico/rico-fashion-jersey
Rico Fashion Linen Swell Aran,https://www.wollplatz.de/wolle/rico/rico-fashion-linen-swell-aran
Rico Fashion Modern Tweed Aran,https://www.wollplatz.de/wolle/rico/rico-fashion-modern-tweed-aran
Rico Fashion Mohair Merino Chunky,https://www.wollplatz.de/wolle/rico/rico-fashion-mohair-merino-chunky
Rico Fashion Silk Blend DK,https://www.wollplatz.de/wolle/rico/rico-fashion-silk-blend-dk
Rico Luxury Alpaca Superfine Aran,https://www.wollplatz.de/wolle/rico/rico-luxury-alpaca-superfine-aran
Rico Ricorumi dk,https://www.wollplatz.de/wolle/rico/rico-ricorumi-dk
Rico Ricorumi Lamé DK,https://www.wollplatz.de/wolle/rico/rico-ricorumi-lame
Rico Ricorumi Print DK,https://www.wollplatz.de/wolle/rico/rico-ricorumi-print-dk
Rico Ricorumi Set 10 Farben Spray,https://www.wollplatz.de/pakete/andere-pakete/vorteilspakete/rico-ricorumi-set-10-farben-spray
Rico Sticktwist Stickgarn 8m,https://www.wollplatz.de/wolle/rico/rico-sticktwist-stickgarn-8m
Rico Sticktwist Stickgarn Neon 20m,https://www.wollplatz.de/wolle/rico/rico-sticktwist-stickgarn-20m
SMC Alpaca Cloud,https://www.wollplatz.de/wolle/smc-schachenmayr/smc-alpaca-cloud
SMC Brazilia,https://www.wollplatz.de/wolle/smc-schachenmayr/smc-brazilia
SMC Catania,https://www.wollplatz.de/wolle/smc-schachenmayr/smc-catania
SMC Catania Color,https://www.wollplatz.de/wolle/smc-schachenmayr/smc-catania-color
SMC Catania Glamour,https://www.wollplatz.de/wolle/smc-schachenmayr/smc-catania-glamour
SMC Cosy Wool,https://www.wollplatz.de/wolle/smc-schachenmayr/smc-cosy-wool
SMC Peach Cotton,https://www.wollplatz.de/wolle/smc-schachenmayr/smc-peach-cotton
SMC Regia Print 4-ply,https://www.wollplatz.de/wolle/smc-schachenmayr/smc-regia-print-4-ply
SMC Regia Uni 4-ply,https://www.wollplatz.de/wolle/smc-schachenmayr/smc-regia-uni-4-ply
SMC Soft Linen Mix,https://www.wollplatz.de/wolle/smc-schachenmayr/smc-soft-linen-mix
Stylecraft Bambino DK,https://www.wollplatz.de/wolle/stylecraft/stylecraft-bambino-dk
Stylecraft Batik DK,https://www.wollplatz.de/wolle/stylecraft/stylecraft-batik-dk
Stylecraft Bellissima DK,https://www.wollplatz.de/wolle/stylecraft/stylecraft-bellissima-dk
Stylecraft Life DK,https://www.wollplatz.de/wolle/stylecraft/stylecraft-life-dk
Stylecraft Special dk Farbkarte,https://www.wollplatz.de/wolle/stylecraft/stylecraft-special-dk-farbkarte
Stylecraft Special XL Super Chunky,https://www.wollplatz.de/wolle/synthetisch/stylecraft-special-xl
Yarn and Colors Baby Fabulous,https://www.wollplatz.de/wolle/yarn-and-colors/yarn-and-colors-baby-fabulous
Yarn and Colors Charming,https://www.wollplatz.de/wolle/yarn-and-colors/yarn-and-colors-charming
Yarn and Colors Charming alle Farben Paket,https://www.wollplatz.de/pakete/andere-pakete/vorteilspakete/yarn-and-colors-charming-alle-farben-paket
Yarn and Colors Cheerful,https://www.wollplatz.de/wolle/yarn-and-colors/yarn-and-colors-cheerful
Yarn and Colors Epic,https://www.wollplatz.de/wolle/yarn-and-colors/yarn-and-colors-epic
Yarn and Colors Epic Alle Farben Paket,https://www.wollplatz.de/pakete/andere-pakete/vorteilspakete/yarn-and-colors-epic-alle-farben-paket
Yarn and Colors Epic Farbkarte,https://www.wollplatz.de/wolle/yarn-and-colors/yarn-and-colors-epic-farbkarte
Yarn and Colors Fabulous,https://www.wollplatz.de/wolle/yarn-and-colors/yarn-and-colors-fabulous
